{
  "version": 1,
  "author": "Anonymous maker",
  "editor": "wokwi",
  "parts": [
    { "type": "wokwi-arduino-uno", "id": "uno", "top": 19.8, "left": -39, "attrs": {} },
    { "type": "wokwi-neopixel", "id": "rgb1", "top": -70.7, "left": 315.8, "attrs": {} },
    { "type": "wokwi-neopixel", "id": "rgb2", "top": -70.7, "left": 363.8, "attrs": {} },
    { "type": "wokwi-neopixel", "id": "rgb3", "top": -70.7, "left": 411.8, "attrs": {} },
    { "type": "wokwi-neopixel", "id": "rgb4", "top": -70.7, "left": 459.8, "attrs": {} },
    { "type": "wokwi-neopixel", "id": "rgb5", "top": -70.7, "left": 507.8, "attrs": {} },
    { "type": "wokwi-neopixel", "id": "rgb6", "top": -70.7, "left": 555.8, "attrs": {} },
    { "type": "wokwi-neopixel", "id": "rgb7", "top": -70.7, "left": 603.8, "attrs": {} },
    { "type": "wokwi-neopixel", "id": "rgb8", "top": -70.7, "left": 651.8, "attrs": {} },
    {
      "type": "wokwi-neopixel",
      "id": "rgb9",
      "top": -25.1,
      "left": 316,
      "rotate": 180,
      "attrs": {}
    },
    {
      "type": "wokwi-neopixel",
      "id": "rgb10",
      "top": -25.1,
      "left": 364,
      "rotate": 180,
      "attrs": {}
    },
    {
      "type": "wokwi-neopixel",
      "id": "rgb11",
      "top": -25.1,
      "left": 412,
      "rotate": 180,
      "attrs": {}
    },
    {
      "type": "wokwi-neopixel",
      "id": "rgb12",
      "top": -25.1,
      "left": 460,
      "rotate": 180,
      "attrs": {}
    },
    {
      "type": "wokwi-neopixel",
      "id": "rgb13",
      "top": -25.1,
      "left": 508,
      "rotate": 180,
      "attrs": {}
    },
    {
      "type": "wokwi-neopixel",
      "id": "rgb14",
      "top": -25.1,
      "left": 556,
      "rotate": 180,
      "attrs": {}
    },
    {
      "type": "wokwi-neopixel",
      "id": "rgb15",
      "top": -25.1,
      "left": 604,
      "rotate": 180,
      "attrs": {}
    },
    {
      "type": "wokwi-neopixel",
      "id": "rgb16",
      "top": -25.1,
      "left": 652,
      "rotate": 180,
      "attrs": {}
    },
    { "type": "wokwi-neopixel", "id": "rgb17", "top": 25.3, "left": 315.8, "attrs": {} },
    { "type": "wokwi-neopixel", "id": "rgb18", "top": 25.3, "left": 363.8, "attrs": {} },
    { "type": "wokwi-neopixel", "id": "rgb19", "top": 25.3, "left": 411.8, "attrs": {} },
    { "type": "wokwi-neopixel", "id": "rgb20", "top": 25.3, "left": 459.8, "attrs": {} },
    { "type": "wokwi-neopixel", "id": "rgb21", "top": 25.3, "left": 507.8, "attrs": {} },
    { "type": "wokwi-neopixel", "id": "rgb22", "top": 25.3, "left": 555.8, "attrs": {} },
    { "type": "wokwi-neopixel", "id": "rgb23", "top": 25.3, "left": 603.8, "attrs": {} },
    { "type": "wokwi-neopixel", "id": "rgb24", "top": 25.3, "left": 651.8, "attrs": {} },
    {
      "type": "wokwi-neopixel",
      "id": "rgb25",
      "top": 70.9,
      "left": 316,
      "rotate": 180,
      "attrs": {}
    },
    {
      "type": "wokwi-neopixel",
      "id": "rgb26",
      "top": 70.9,
      "left": 364,
      "rotate": 180,
      "attrs": {}
    },
    {
      "type": "wokwi-neopixel",
      "id": "rgb27",
      "top": 70.9,
      "left": 412,
      "rotate": 180,
      "attrs": {}
    },
    {
      "type": "wokwi-neopixel",
      "id": "rgb28",
      "top": 70.9,
      "left": 460,
      "rotate": 180,
      "attrs": {}
    },
    {
      "type": "wokwi-neopixel",
      "id": "rgb29",
      "top": 70.9,
      "left": 508,
      "rotate": 180,
      "attrs": {}
    },
    {
      "type": "wokwi-neopixel",
      "id": "rgb30",
      "top": 70.9,
      "left": 556,
      "rotate": 180,
      "attrs": {}
    },
    {
      "type": "wokwi-neopixel",
      "id": "rgb31",
      "top": 70.9,
      "left": 604,
      "rotate": 180,
      "attrs": {}
    },
    {
      "type": "wokwi-neopixel",
      "id": "rgb32",
      "top": 70.9,
      "left": 652,
      "rotate": 180,
      "attrs": {}
    },
    { "type": "wokwi-neopixel", "id": "rgb33", "top": 121.3, "left": 315.8, "attrs": {} },
    { "type": "wokwi-neopixel", "id": "rgb34", "top": 121.3, "left": 363.8, "attrs": {} },
    { "type": "wokwi-neopixel", "id": "rgb35", "top": 121.3, "left": 411.8, "attrs": {} },
    { "type": "wokwi-neopixel", "id": "rgb36", "top": 121.3, "left": 459.8, "attrs": {} },
    { "type": "wokwi-neopixel", "id": "rgb37", "top": 121.3, "left": 507.8, "attrs": {} },
    { "type": "wokwi-neopixel", "id": "rgb38", "top": 121.3, "left": 555.8, "attrs": {} },
    { "type": "wokwi-neopixel", "id": "rgb39", "top": 121.3, "left": 603.8, "attrs": {} },
    { "type": "wokwi-neopixel", "id": "rgb40", "top": 121.3, "left": 651.8, "attrs": {} },
    {
      "type": "wokwi-neopixel",
      "id": "rgb41",
      "top": 166.9,
      "left": 316,
      "rotate": 180,
      "attrs": {}
    },
    {
      "type": "wokwi-neopixel",
      "id": "rgb42",
      "top": 166.9,
      "left": 364,
      "rotate": 180,
      "attrs": {}
    },
    {
      "type": "wokwi-neopixel",
      "id": "rgb43",
      "top": 166.9,
      "left": 412,
      "rotate": 180,
      "attrs": {}
    },
    {
      "type": "wokwi-neopixel",
      "id": "rgb44",
      "top": 166.9,
      "left": 460,
      "rotate": 180,
      "attrs": {}
    },
    {
      "type": "wokwi-neopixel",
      "id": "rgb45",
      "top": 166.9,
      "left": 508,
      "rotate": 180,
      "attrs": {}
    },
    {
      "type": "wokwi-neopixel",
      "id": "rgb46",
      "top": 166.9,
      "left": 556,
      "rotate": 180,
      "attrs": {}
    },
    {
      "type": "wokwi-neopixel",
      "id": "rgb47",
      "top": 166.9,
      "left": 604,
      "rotate": 180,
      "attrs": {}
    },
    {
      "type": "wokwi-neopixel",
      "id": "rgb48",
      "top": 166.9,
      "left": 652,
      "rotate": 180,
      "attrs": {}
    },
    { "type": "wokwi-neopixel", "id": "rgb49", "top": 217.3, "left": 315.8, "attrs": {} },
    { "type": "wokwi-neopixel", "id": "rgb50", "top": 217.3, "left": 363.8, "attrs": {} },
    { "type": "wokwi-neopixel", "id": "rgb51", "top": 217.3, "left": 411.8, "attrs": {} },
    { "type": "wokwi-neopixel", "id": "rgb52", "top": 217.3, "left": 459.8, "attrs": {} },
    { "type": "wokwi-neopixel", "id": "rgb53", "top": 217.3, "left": 507.8, "attrs": {} },
    { "type": "wokwi-neopixel", "id": "rgb54", "top": 217.3, "left": 555.8, "attrs": {} },
    { "type": "wokwi-neopixel", "id": "rgb55", "top": 217.3, "left": 603.8, "attrs": {} },
    { "type": "wokwi-neopixel", "id": "rgb56", "top": 217.3, "left": 651.8, "attrs": {} },
    {
      "type": "wokwi-neopixel",
      "id": "rgb57",
      "top": 262.9,
      "left": 316,
      "rotate": 180,
      "attrs": {}
    },
    {
      "type": "wokwi-neopixel",
      "id": "rgb58",
      "top": 262.9,
      "left": 364,
      "rotate": 180,
      "attrs": {}
    },
    {
      "type": "wokwi-neopixel",
      "id": "rgb59",
      "top": 262.9,
      "left": 412,
      "rotate": 180,
      "attrs": {}
    },
    {
      "type": "wokwi-neopixel",
      "id": "rgb60",
      "top": 262.9,
      "left": 460,
      "rotate": 180,
      "attrs": {}
    },
    {
      "type": "wokwi-neopixel",
      "id": "rgb61",
      "top": 262.9,
      "left": 508,
      "rotate": 180,
      "attrs": {}
    },
    {
      "type": "wokwi-neopixel",
      "id": "rgb62",
      "top": 262.9,
      "left": 556,
      "rotate": 180,
      "attrs": {}
    },
    {
      "type": "wokwi-neopixel",
      "id": "rgb63",
      "top": 262.9,
      "left": 604,
      "rotate": 180,
      "attrs": {}
    },
    {
      "type": "wokwi-neopixel",
      "id": "rgb64",
      "top": 262.9,
      "left": 652,
      "rotate": 180,
      "attrs": {}
    }
  ],
  "connections": [
    [ "uno:3", "rgb8:DIN", "green", [ "v-182.4", "h474.4" ] ],
    [ "rgb8:DOUT", "rgb7:DIN", "green", [ "h-9.6", "v-10.5" ] ],
    [ "rgb7:DOUT", "rgb6:DIN", "green", [ "h-9.6", "v-10.5" ] ],
    [ "rgb6:DOUT", "rgb5:DIN", "green", [ "h-9.6", "v-10.5" ] ],
    [ "rgb5:DOUT", "rgb4:DIN", "green", [ "h-9.6", "v-10.5" ] ],
    [ "rgb4:DOUT", "rgb3:DIN", "green", [ "h-9.6", "v-10.5" ] ],
    [ "rgb3:DOUT", "rgb2:DIN", "green", [ "h-9.6", "v-10.5" ] ],
    [ "rgb2:DOUT", "rgb1:DIN", "green", [ "h-9.6", "v-10.5" ] ],
    [ "rgb8:VDD", "rgb7:VDD", "red", [ "h0", "v-19.2", "h-48" ] ],
    [ "rgb7:VDD", "rgb6:VDD", "red", [ "h0", "v-19.2", "h-48" ] ],
    [ "rgb6:VDD", "rgb5:VDD", "red", [ "h0", "v-19.2", "h-48" ] ],
    [ "rgb5:VDD", "rgb4:VDD", "red", [ "h0", "v-19.2", "h-48" ] ],
    [ "rgb4:VDD", "rgb3:VDD", "red", [ "h0", "v-19.2", "h-48" ] ],
    [ "rgb3:VDD", "rgb2:VDD", "red", [ "h0", "v-19.2", "h-48" ] ],
    [ "rgb2:VDD", "rgb1:VDD", "red", [ "h0", "v-19.2", "h-48" ] ],
    [ "rgb1:DOUT", "rgb9:DIN", "green", [ "h-28.8", "v-0.9" ] ],
    [ "rgb1:VDD", "rgb17:VDD", "red", [ "h-48", "v96" ] ],
    [ "rgb17:VDD", "rgb18:VDD", "red", [ "h0", "v-19.2", "h48" ] ],
    [ "rgb18:VDD", "rgb19:VDD", "red", [ "h0", "v-19.2", "h48" ] ],
    [ "rgb19:VDD", "rgb20:VDD", "red", [ "h0", "v-19.2", "h48" ] ],
    [ "rgb20:VDD", "rgb21:VDD", "red", [ "h0", "v-19.2", "h48" ] ],
    [ "rgb21:VDD", "rgb22:VDD", "red", [ "h0", "v-19.2", "h48" ] ],
    [ "rgb22:VDD", "rgb23:VDD", "red", [ "h0", "v-19.2", "h48" ] ],
    [ "rgb23:VDD", "rgb24:VDD", "red", [ "h0", "v-19.2", "h48" ] ],
    [ "rgb9:DOUT", "rgb10:DIN", "green", [ "h19.2", "v10.5" ] ],
    [ "rgb10:DOUT", "rgb11:DIN", "green", [ "h19.2", "v10.5" ] ],
    [ "rgb11:DOUT", "rgb12:DIN", "green", [ "h19.2", "v10.5" ] ],
    [ "rgb12:DOUT", "rgb13:DIN", "green", [ "h19.2", "v10.5" ] ],
    [ "rgb13:DOUT", "rgb14:DIN", "green", [ "h19.2", "v0.9" ] ],
    [ "rgb14:DOUT", "rgb15:DIN", "green", [ "h19.2", "v0.9" ] ],
    [ "rgb15:DOUT", "rgb16:DIN", "green", [ "h19.2", "v0.9" ] ],
    [ "rgb9:VDD", "rgb10:VDD", "red", [ "h0", "v19.2", "h48" ] ],
    [ "rgb10:VDD", "rgb11:VDD", "red", [ "h0", "v19.2", "h48" ] ],
    [ "rgb11:VDD", "rgb12:VDD", "red", [ "h0", "v19.2", "h48" ] ],
    [ "rgb12:VDD", "rgb13:VDD", "red", [ "h0", "v19.2", "h48" ] ],
    [ "rgb13:VDD", "rgb14:VDD", "red", [ "h0", "v19.2", "h48" ] ],
    [ "rgb14:VDD", "rgb15:VDD", "red", [ "h0", "v19.2", "h48" ] ],
    [ "rgb15:VDD", "rgb16:VDD", "red", [ "h0", "v19.2", "h48" ] ],
    [ "rgb17:DOUT", "rgb25:DIN", "green", [ "h-28.8", "v47.1" ] ],
    [ "rgb17:DIN", "rgb18:DOUT", "green", [ "h18.4", "v9.6" ] ],
    [ "rgb18:DIN", "rgb19:DOUT", "green", [ "h18.4", "v9.6" ] ],
    [ "rgb19:DIN", "rgb20:DOUT", "green", [ "h18.4", "v9.6" ] ],
    [ "rgb20:DIN", "rgb21:DOUT", "green", [ "h18.4", "v9.6" ] ],
    [ "rgb21:DIN", "rgb22:DOUT", "green", [ "h18.4", "v9.6" ] ],
    [ "rgb22:DIN", "rgb23:DOUT", "green", [ "h18.4", "v9.6" ] ],
    [ "rgb23:DIN", "rgb24:DOUT", "green", [ "h18.4", "v9.6" ] ],
    [ "rgb25:DOUT", "rgb26:DIN", "green", [ "h19.2", "v0.9" ] ],
    [ "rgb26:DOUT", "rgb27:DIN", "green", [ "h19.2", "v0.9" ] ],
    [ "rgb27:DOUT", "rgb28:DIN", "green", [ "h19.2", "v0.9" ] ],
    [ "rgb28:DOUT", "rgb29:DIN", "green", [ "h19.2", "v0.9" ] ],
    [ "rgb29:DOUT", "rgb30:DIN", "green", [ "h19.2", "v0.9" ] ],
    [ "rgb30:DOUT", "rgb31:DIN", "green", [ "h19.2", "v0.9" ] ],
    [ "rgb31:DOUT", "rgb32:DIN", "green", [ "h19.2", "v0.9" ] ],
    [ "rgb25:VDD", "rgb26:VDD", "red", [ "h0", "v19.2", "h48" ] ],
    [ "rgb26:VDD", "rgb27:VDD", "red", [ "h0", "v19.2", "h48" ] ],
    [ "rgb27:VDD", "rgb28:VDD", "red", [ "h0", "v19.2", "h48", "v-19.2" ] ],
    [ "rgb28:VDD", "rgb29:VDD", "red", [ "h0", "v19.2", "h48" ] ],
    [ "rgb29:VDD", "rgb30:VDD", "red", [ "h0", "v19.2", "h48" ] ],
    [ "rgb30:VDD", "rgb31:VDD", "red", [ "h0", "v19.2", "h48" ] ],
    [ "rgb31:VDD", "rgb32:VDD", "red", [ "h0", "v19.2", "h48" ] ],
    [ "rgb1:VSS", "rgb2:VSS", "black", [ "v18.3", "h47.2" ] ],
    [ "rgb2:VSS", "rgb3:VSS", "black", [ "v18.3", "h47.2" ] ],
    [ "rgb3:VSS", "rgb4:VSS", "black", [ "v18.3", "h47.2" ] ],
    [ "rgb4:VSS", "rgb5:VSS", "black", [ "v18.3", "h-0.8" ] ],
    [ "rgb5:VSS", "rgb6:VSS", "black", [ "v18.3", "h47.2" ] ],
    [ "rgb6:VSS", "rgb7:VSS", "black", [ "v18.3", "h47.2" ] ],
    [ "rgb7:VSS", "rgb8:VSS", "black", [ "v18.3", "h47.2" ] ],
    [ "rgb8:VSS", "rgb24:VSS", "black", [ "v18.3", "h47.2", "v76.8" ] ],
    [ "rgb16:VDD", "rgb32:VDD", "red", [ "h28.8", "v96", "h-28.8" ] ],
    [ "rgb9:VSS", "rgb10:VSS", "black", [ "v-18.3", "h0.8" ] ],
    [ "rgb10:VSS", "rgb11:VSS", "black", [ "v-18.3", "h48.8" ] ],
    [ "rgb11:VSS", "rgb12:VSS", "black", [ "v-18.3", "h48.8" ] ],
    [ "rgb12:VSS", "rgb13:VSS", "black", [ "v-18.3", "h48.8" ] ],
    [ "rgb13:VSS", "rgb14:VSS", "black", [ "v-18.3", "h48.8" ] ],
    [ "rgb14:VSS", "rgb15:VSS", "black", [ "v-18.3", "h48.8" ] ],
    [ "rgb15:VSS", "rgb16:VSS", "black", [ "v-18.3", "h48.8" ] ],
    [ "rgb24:VSS", "rgb23:VSS", "black", [ "v18.3", "h-0.8" ] ],
    [ "rgb23:VSS", "rgb22:VSS", "black", [ "v18.3", "h-48.8" ] ],
    [ "rgb22:VSS", "rgb21:VSS", "black", [ "v18.3", "h-48.8" ] ],
    [ "rgb21:VSS", "rgb20:VSS", "black", [ "v18.3", "h-48.8" ] ],
    [ "rgb20:VSS", "rgb19:VSS", "black", [ "v18.3", "h-48.8" ] ],
    [ "rgb19:VSS", "rgb18:VSS", "black", [ "v18.3", "h-48.8" ] ],
    [ "rgb17:VSS", "rgb18:VSS", "black", [ "v18.3", "h47.2" ] ],
    [ "rgb25:VSS", "rgb26:VSS", "black", [ "v-18.3", "h48.8" ] ],
    [ "rgb26:VSS", "rgb27:VSS", "black", [ "v-18.3", "h48.8" ] ],
    [ "rgb27:VSS", "rgb28:VSS", "black", [ "v-18.3", "h48.8" ] ],
    [ "rgb28:VSS", "rgb29:VSS", "black", [ "v-18.3", "h48.8" ] ],
    [ "rgb29:VSS", "rgb30:VSS", "black", [ "v-18.3", "h48.8" ] ],
    [ "rgb30:VSS", "rgb31:VSS", "black", [ "v-18.3", "h48.8" ] ],
    [ "rgb31:VSS", "rgb32:VSS", "black", [ "v-18.3", "h48.8" ] ],
    [ "rgb9:VSS", "rgb25:VSS", "black", [ "v0.9", "h-37.6", "v96" ] ],
    [ "rgb40:DOUT", "rgb39:DIN", "green", [ "h-9.6", "v-10.5" ] ],
    [ "rgb39:DOUT", "rgb38:DIN", "green", [ "h-9.6", "v-10.5" ] ],
    [ "rgb38:DOUT", "rgb37:DIN", "green", [ "h-9.6", "v-10.5" ] ],
    [ "rgb37:DOUT", "rgb36:DIN", "green", [ "h-9.6", "v-10.5" ] ],
    [ "rgb36:DOUT", "rgb35:DIN", "green", [ "h-9.6", "v-10.5" ] ],
    [ "rgb35:DOUT", "rgb34:DIN", "green", [ "h-9.6", "v-10.5" ] ],
    [ "rgb34:DOUT", "rgb33:DIN", "green", [ "h-9.6", "v-10.5" ] ],
    [ "rgb40:VDD", "rgb39:VDD", "red", [ "h0", "v-19.2", "h-48" ] ],
    [ "rgb39:VDD", "rgb38:VDD", "red", [ "h0", "v-19.2", "h-48" ] ],
    [ "rgb38:VDD", "rgb37:VDD", "red", [ "h0", "v-19.2", "h-48" ] ],
    [ "rgb37:VDD", "rgb36:VDD", "red", [ "h0", "v-19.2", "h-48" ] ],
    [ "rgb36:VDD", "rgb35:VDD", "red", [ "h0", "v-19.2", "h-48" ] ],
    [ "rgb35:VDD", "rgb34:VDD", "red", [ "h0", "v-19.2", "h-48" ] ],
    [ "rgb34:VDD", "rgb33:VDD", "red", [ "h0", "v-19.2", "h-48" ] ],
    [ "rgb33:DOUT", "rgb41:DIN", "green", [ "h-28.8", "v-0.9" ] ],
    [ "rgb33:VDD", "rgb49:VDD", "red", [ "h-48", "v96" ] ],
    [ "rgb49:VDD", "rgb50:VDD", "red", [ "h0", "v-19.2", "h48" ] ],
    [ "rgb50:VDD", "rgb51:VDD", "red", [ "h0", "v-19.2", "h48" ] ],
    [ "rgb51:VDD", "rgb52:VDD", "red", [ "h0", "v-19.2", "h48" ] ],
    [ "rgb52:VDD", "rgb53:VDD", "red", [ "h0", "v-19.2", "h48" ] ],
    [ "rgb53:VDD", "rgb54:VDD", "red", [ "h0", "v-19.2", "h48" ] ],
    [ "rgb54:VDD", "rgb55:VDD", "red", [ "h0", "v-19.2", "h48" ] ],
    [ "rgb55:VDD", "rgb56:VDD", "red", [ "h0", "v-19.2", "h48" ] ],
    [ "rgb41:DOUT", "rgb42:DIN", "green", [ "h19.2", "v10.5" ] ],
    [ "rgb42:DOUT", "rgb43:DIN", "green", [ "h19.2", "v10.5" ] ],
    [ "rgb43:DOUT", "rgb44:DIN", "green", [ "h19.2", "v10.5" ] ],
    [ "rgb44:DOUT", "rgb45:DIN", "green", [ "h19.2", "v10.5" ] ],
    [ "rgb45:DOUT", "rgb46:DIN", "green", [ "h19.2", "v0.9" ] ],
    [ "rgb46:DOUT", "rgb47:DIN", "green", [ "h19.2", "v0.9" ] ],
    [ "rgb47:DOUT", "rgb48:DIN", "green", [ "h19.2", "v0.9" ] ],
    [ "rgb41:VDD", "rgb42:VDD", "red", [ "h0", "v19.2", "h48" ] ],
    [ "rgb42:VDD", "rgb43:VDD", "red", [ "h0", "v19.2", "h48" ] ],
    [ "rgb43:VDD", "rgb44:VDD", "red", [ "h0", "v19.2", "h48" ] ],
    [ "rgb44:VDD", "rgb45:VDD", "red", [ "h0", "v19.2", "h48" ] ],
    [ "rgb45:VDD", "rgb46:VDD", "red", [ "h0", "v19.2", "h48" ] ],
    [ "rgb46:VDD", "rgb47:VDD", "red", [ "h0", "v19.2", "h48" ] ],
    [ "rgb47:VDD", "rgb48:VDD", "red", [ "h0", "v19.2", "h48" ] ],
    [ "rgb49:DOUT", "rgb57:DIN", "green", [ "h-28.8", "v47.1" ] ],
    [ "rgb49:DIN", "rgb50:DOUT", "green", [ "h18.4", "v9.6" ] ],
    [ "rgb50:DIN", "rgb51:DOUT", "green", [ "h18.4", "v9.6" ] ],
    [ "rgb51:DIN", "rgb52:DOUT", "green", [ "h18.4", "v9.6" ] ],
    [ "rgb52:DIN", "rgb53:DOUT", "green", [ "h18.4", "v9.6" ] ],
    [ "rgb53:DIN", "rgb54:DOUT", "green", [ "h18.4", "v9.6" ] ],
    [ "rgb54:DIN", "rgb55:DOUT", "green", [ "h18.4", "v9.6" ] ],
    [ "rgb55:DIN", "rgb56:DOUT", "green", [ "h18.4", "v9.6" ] ],
    [ "rgb57:DOUT", "rgb58:DIN", "green", [ "h19.2", "v0.9" ] ],
    [ "rgb58:DOUT", "rgb59:DIN", "green", [ "h19.2", "v0.9" ] ],
    [ "rgb59:DOUT", "rgb60:DIN", "green", [ "h19.2", "v0.9" ] ],
    [ "rgb60:DOUT", "rgb61:DIN", "green", [ "h19.2", "v0.9" ] ],
    [ "rgb61:DOUT", "rgb62:DIN", "green", [ "h19.2", "v0.9" ] ],
    [ "rgb62:DOUT", "rgb63:DIN", "green", [ "h19.2", "v0.9" ] ],
    [ "rgb63:DOUT", "rgb64:DIN", "green", [ "h19.2", "v0.9" ] ],
    [ "rgb57:VDD", "rgb58:VDD", "red", [ "h0", "v19.2", "h48" ] ],
    [ "rgb58:VDD", "rgb59:VDD", "red", [ "h0", "v19.2", "h48" ] ],
    [ "rgb59:VDD", "rgb60:VDD", "red", [ "h0", "v19.2", "h48", "v-19.2" ] ],
    [ "rgb60:VDD", "rgb61:VDD", "red", [ "h0", "v19.2", "h48" ] ],
    [ "rgb61:VDD", "rgb62:VDD", "red", [ "h0", "v19.2", "h48" ] ],
    [ "rgb62:VDD", "rgb63:VDD", "red", [ "h0", "v19.2", "h48" ] ],
    [ "rgb63:VDD", "rgb64:VDD", "red", [ "h0", "v19.2", "h48" ] ],
    [ "rgb33:VSS", "rgb34:VSS", "black", [ "v18.3", "h47.2" ] ],
    [ "rgb34:VSS", "rgb35:VSS", "black", [ "v18.3", "h47.2" ] ],
    [ "rgb35:VSS", "rgb36:VSS", "black", [ "v18.3", "h47.2" ] ],
    [ "rgb36:VSS", "rgb37:VSS", "black", [ "v18.3", "h-0.8" ] ],
    [ "rgb37:VSS", "rgb38:VSS", "black", [ "v18.3", "h47.2" ] ],
    [ "rgb38:VSS", "rgb39:VSS", "black", [ "v18.3", "h47.2" ] ],
    [ "rgb39:VSS", "rgb40:VSS", "black", [ "v18.3", "h47.2" ] ],
    [ "rgb40:VSS", "rgb56:VSS", "black", [ "v18.3", "h47.2", "v76.8" ] ],
    [ "rgb48:VDD", "rgb64:VDD", "red", [ "h28.8", "v96", "h-28.8" ] ],
    [ "rgb41:VSS", "rgb42:VSS", "black", [ "v-18.3", "h0.8" ] ],
    [ "rgb42:VSS", "rgb43:VSS", "black", [ "v-18.3", "h48.8" ] ],
    [ "rgb43:VSS", "rgb44:VSS", "black", [ "v-18.3", "h48.8" ] ],
    [ "rgb44:VSS", "rgb45:VSS", "black", [ "v-18.3", "h48.8" ] ],
    [ "rgb45:VSS", "rgb46:VSS", "black", [ "v-18.3", "h48.8" ] ],
    [ "rgb46:VSS", "rgb47:VSS", "black", [ "v-18.3", "h48.8" ] ],
    [ "rgb47:VSS", "rgb48:VSS", "black", [ "v-18.3", "h48.8" ] ],
    [ "rgb56:VSS", "rgb55:VSS", "black", [ "v18.3", "h-0.8" ] ],
    [ "rgb55:VSS", "rgb54:VSS", "black", [ "v18.3", "h-48.8" ] ],
    [ "rgb54:VSS", "rgb53:VSS", "black", [ "v18.3", "h-48.8" ] ],
    [ "rgb53:VSS", "rgb52:VSS", "black", [ "v18.3", "h-48.8" ] ],
    [ "rgb52:VSS", "rgb51:VSS", "black", [ "v18.3", "h-48.8" ] ],
    [ "rgb51:VSS", "rgb50:VSS", "black", [ "v18.3", "h-48.8" ] ],
    [ "rgb49:VSS", "rgb50:VSS", "black", [ "v18.3", "h47.2" ] ],
    [ "rgb57:VSS", "rgb58:VSS", "black", [ "v-18.3", "h48.8" ] ],
    [ "rgb58:VSS", "rgb59:VSS", "black", [ "v-18.3", "h48.8" ] ],
    [ "rgb59:VSS", "rgb60:VSS", "black", [ "v-18.3", "h48.8" ] ],
    [ "rgb60:VSS", "rgb61:VSS", "black", [ "v-18.3", "h48.8" ] ],
    [ "rgb61:VSS", "rgb62:VSS", "black", [ "v-18.3", "h48.8" ] ],
    [ "rgb62:VSS", "rgb63:VSS", "black", [ "v-18.3", "h48.8" ] ],
    [ "rgb63:VSS", "rgb64:VSS", "black", [ "v-18.3", "h48.8" ] ],
    [ "rgb41:VSS", "rgb57:VSS", "black", [ "v0.9", "h-37.6", "v96" ] ],
    [ "rgb25:VSS", "rgb41:VSS", "black", [ "v0.9", "h-37.6", "v96" ] ],
    [ "rgb16:DOUT", "rgb24:DIN", "green", [ "h19.2", "v48.9" ] ],
    [ "rgb32:DOUT", "rgb40:DIN", "green", [ "h19.2", "v48.9" ] ],
    [ "rgb48:DOUT", "rgb56:DIN", "green", [ "h19.2", "v48.9" ] ],
    [ "rgb57:VSS", "uno:GND.2", "black", [ "v0.9", "h-172" ] ],
    [ "rgb57:VDD", "uno:5V", "red", [ "h0", "v19.2", "h-201.6" ] ]
  ],
  "dependencies": {}
}