{
  "version": 1,
  "author": "Anonymous maker",
  "editor": "wokwi",
  "parts": [
    { "type": "wokwi-arduino-uno", "id": "uno", "top": 0, "left": 0, "attrs": {} },
    {
      "type": "wokwi-servo",
      "id": "servo1",
      "top": 27.8,
      "left": 318.6,
      "rotate": 270,
      "attrs": {}
    }
  ],
  "connections": [
    [ "servo1:PWM", "uno:3", "green", [ "v38.4", "h77", "v-259.2", "h-249.6", "v0", "h-9.6" ] ],
    [ "servo1:V+", "uno:5V", "red", [ "v76.8", "h-239.9", "v-58.1" ] ],
    [ "servo1:GND", "uno:GND.3", "black", [ "v57.6", "h-211.2", "v-38.9" ] ]
  ],
  "dependencies": {}
}