{
  "version": 1,
  "author": "Anonymous maker",
  "editor": "wokwi",
  "parts": [
    { "type": "wokwi-arduino-uno", "id": "uno", "top": 106.2, "left": -135, "attrs": {} },
    { "type": "wokwi-led", "id": "led1", "top": -80.4, "left": 3.8, "attrs": { "color": "red" } },
    {
      "type": "wokwi-led",
      "id": "led2",
      "top": -80.4,
      "left": 42.2,
      "attrs": { "color": "green" }
    },
    {
      "type": "wokwi-resistor",
      "id": "r1",
      "top": 4.8,
      "left": -10.15,
      "rotate": 90,
      "attrs": { "value": "216" }
    },
    {
      "type": "wokwi-resistor",
      "id": "r2",
      "top": 4.8,
      "left": 28.25,
      "rotate": 90,
      "attrs": { "value": "216" }
    },
    {
      "type": "wokwi-photoresistor-sensor",
      "id": "ldr1",
      "top": 339,
      "left": 103.6,
      "rotate": 180,
      "attrs": {}
    }
  ],
  "connections": [
    [ "led1:C", "r1:1", "green", [ "v0" ] ],
    [ "led2:C", "r2:1", "green", [ "v0" ] ],
    [ "led1:A", "uno:9", "green", [ "v0" ] ],
    [ "uno:5", "led2:A", "green", [ "v-153.6", "h3.8" ] ],
    [ "r1:2", "uno:GND.1", "black", [ "h-38.4", "v8.4" ] ],
    [ "r2:2", "uno:GND.1", "black", [ "h0", "v27.6", "h-76.8" ] ],
    [ "ldr1:AO", "uno:A0", "green", [ "h-38.4", "v0.7" ] ],
    [ "ldr1:GND", "uno:GND.2", "black", [ "h-57.6", "v0.4", "h-9.6" ] ],
    [ "ldr1:VCC", "uno:5V", "red", [ "h0" ] ]
  ],
  "dependencies": {}
}